No,thread_url,post_code
1,https://www.threads.net/@asa_to_ame/post/DUzf3dmEy5l,DUzf3dmEy5l
2,https://www.threads.net/@asa_to_ame/post/DVqUayJieYy,DVqUayJieYy
3,https://www.threads.net/@asa_to_ame/post/DVqNnNxEyoK,DVqNnNxEyoK
4,https://www.threads.net/@asa_to_ame/post/DVqNpWQE1qv,DVqNpWQE1qv
5,https://www.threads.net/@asa_to_ame/post/DVqBX06kxF2,DVqBX06kxF2
6,https://www.threads.net/@asa_to_ame/post/DVp_w-Qk78k,DVp_w-Qk78k
7,https://www.threads.net/@asa_to_ame/post/DVp_zFukyPV,DVp_zFukyPV
8,https://www.threads.net/@asa_to_ame/post/DVpeDuTk1dR,DVpeDuTk1dR
9,https://www.threads.net/@asa_to_ame/post/DVpeEheE7Y0,DVpeEheE7Y0
10,https://www.threads.net/@asa_to_ame/post/DVo7UvcE9i7,DVo7UvcE9i7
11,https://www.threads.net/@asa_to_ame/post/DVo7XFsE1sZ,DVo7XFsE1sZ
12,https://www.threads.net/@asa_to_ame/post/DVnos7dkzS4,DVnos7dkzS4
13,https://www.threads.net/@asa_to_ame/post/DVnovn6EyKf,DVnovn6EyKf
14,https://www.threads.net/@asa_to_ame/post/DVnbGDIE2E5,DVnbGDIE2E5
15,https://www.threads.net/@asa_to_ame/post/DVnbIK5E6bz,DVnbIK5E6bz
16,https://www.threads.net/@asa_to_ame/post/DVm4-D0kxhq,DVm4-D0kxhq
17,https://www.threads.net/@asa_to_ame/post/DVm4-2vEwR-,DVm4-2vEwR-
18,https://www.threads.net/@asa_to_ame/post/DVmkCcYk56a,DVmkCcYk56a
19,https://www.threads.net/@asa_to_ame/post/DVmkDt1E2tG,DVmkDt1E2tG
20,https://www.threads.net/@asa_to_ame/post/DVlD7CGE5c6,DVlD7CGE5c6
21,https://www.threads.net/@asa_to_ame/post/DVlD9Xakxza,DVlD9Xakxza
22,https://www.threads.net/@asa_to_ame/post/DVk2YenE-A0,DVk2YenE-A0
23,https://www.threads.net/@asa_to_ame/post/DVk2Zejk0xM,DVk2Zejk0xM
24,https://www.threads.net/@asa_to_ame/post/DVkT41yk6kF,DVkT41yk6kF
25,https://www.threads.net/@asa_to_ame/post/DVkT5qTE4hZ,DVkT5qTE4hZ
26,https://www.threads.net/@asa_to_ame/post/DVj_YdCk0xM,DVj_YdCk0xM
27,https://www.threads.net/@asa_to_ame/post/DVj_Zjek2FM,DVj_Zjek2FM
28,https://www.threads.net/@asa_to_ame/post/DVifLCck8qz,DVifLCck8qz
29,https://www.threads.net/@asa_to_ame/post/DVifNZ1kxrz,DVifNZ1kxrz
30,https://www.threads.net/@asa_to_ame/post/DViRYSzk-Ro,DViRYSzk-Ro
31,https://www.threads.net/@asa_to_ame/post/DViRaeak_uK,DViRaeak_uK
32,https://www.threads.net/@asa_to_ame/post/DVhvdZvk6Ur,DVhvdZvk6Ur
33,https://www.threads.net/@asa_to_ame/post/DVhvf0_k4be,DVhvf0_k4be
34,https://www.threads.net/@asa_to_ame/post/DVgB_FAE8Tn,DVgB_FAE8Tn
35,https://www.threads.net/@asa_to_ame/post/DVf6bYTkzSu,DVf6bYTkzSu
36,https://www.threads.net/@asa_to_ame/post/DVf6drLk3Hz,DVf6drLk3Hz
37,https://www.threads.net/@asa_to_ame/post/DVfslfVE4vF,DVfslfVE4vF
38,https://www.threads.net/@asa_to_ame/post/DVfsnmVkzop,DVfsnmVkzop
39,https://www.threads.net/@asa_to_ame/post/DVffCS7E4pE,DVffCS7E4pE
40,https://www.threads.net/@asa_to_ame/post/DVffDT8k-nm,DVffDT8k-nm
41,https://www.threads.net/@asa_to_ame/post/DVfKSqkEyHD,DVfKSqkEyHD
42,https://www.threads.net/@asa_to_ame/post/DVfKVDWk2fV,DVfKVDWk2fV
43,https://www.threads.net/@asa_to_ame/post/DVfIfJSk1Xo,DVfIfJSk1Xo
44,https://www.threads.net/@asa_to_ame/post/DVdZqGUEyLB,DVdZqGUEyLB
45,https://www.threads.net/@asa_to_ame/post/DVdYMtokzkw,DVdYMtokzkw
46,https://www.threads.net/@asa_to_ame/post/DVdYMtrkxgb,DVdYMtrkxgb
47,https://www.threads.net/@asa_to_ame/post/DVdVMJEk4lt,DVdVMJEk4lt
48,https://www.threads.net/@asa_to_ame/post/DVdA7G-k_UX,DVdA7G-k_UX
49,https://www.threads.net/@asa_to_ame/post/DVdA8FjE19h,DVdA8FjE19h
50,https://www.threads.net/@asa_to_ame/post/DVclpvakwCS,DVclpvakwCS
51,https://www.threads.net/@asa_to_ame/post/DVclsAdE7vI,DVclsAdE7vI
52,https://www.threads.net/@asa_to_ame/post/DVcel1-k20C,DVcel1-k20C
53,https://www.threads.net/@asa_to_ame/post/DVceoAUE6Q1,DVceoAUE6Q1
54,https://www.threads.net/@asa_to_ame/post/DVcaf5gE8dM,DVcaf5gE8dM
55,https://www.threads.net/@asa_to_ame/post/DVcZYAaE-Dw,DVcZYAaE-Dw
56,https://www.threads.net/@asa_to_ame/post/DVbBAVOE5GF,DVbBAVOE5GF
57,https://www.threads.net/@asa_to_ame/post/DVbBCvDk7Hf,DVbBCvDk7Hf
58,https://www.threads.net/@asa_to_ame/post/DVapIXsk68L,DVapIXsk68L
59,https://www.threads.net/@asa_to_ame/post/DVapVeXE426,DVapVeXE426
60,https://www.threads.net/@asa_to_ame/post/DVamdT3k_tC,DVamdT3k_tC
61,https://www.threads.net/@asa_to_ame/post/DVadfCok_5K,DVadfCok_5K
62,https://www.threads.net/@asa_to_ame/post/DVacIS0k2BM,DVacIS0k2BM
63,https://www.threads.net/@asa_to_ame/post/DVacKeTk8UG,DVacKeTk8UG
64,https://www.threads.net/@asa_to_ame/post/DVaDbR_ExX9,DVaDbR_ExX9
65,https://www.threads.net/@asa_to_ame/post/DVaDbR9E1Fk,DVaDbR9E1Fk
66,https://www.threads.net/@asa_to_ame/post/DVZ5zAqk091,DVZ5zAqk091
67,https://www.threads.net/@asa_to_ame/post/DVZ51NFkxaz,DVZ51NFkxaz
68,https://www.threads.net/@asa_to_ame/post/DVYS4FTE_9w,DVYS4FTE_9w
69,https://www.threads.net/@asa_to_ame/post/DVYS6VNk4Le,DVYS6VNk4Le
70,https://www.threads.net/@asa_to_ame/post/DVYFQpUE11t,DVYFQpUE11t
71,https://www.threads.net/@asa_to_ame/post/DVYFRxdkyFp,DVYFRxdkyFp
72,https://www.threads.net/@asa_to_ame/post/DVYFKp3k-nq,DVYFKp3k-nq
73,https://www.threads.net/@asa_to_ame/post/DVX-V8Gk27W,DVX-V8Gk27W
74,https://www.threads.net/@asa_to_ame/post/DVX-YEqk83h,DVX-YEqk83h
75,https://www.threads.net/@asa_to_ame/post/DVXfMSIkxHp,DVXfMSIkxHp
76,https://www.threads.net/@asa_to_ame/post/DVXfMQ7kwv0,DVXfMQ7kwv0
77,https://www.threads.net/@asa_to_ame/post/DVXb71Uk4w_,DVXb71Uk4w_
78,https://www.threads.net/@asa_to_ame/post/DVXb-Ixk3qD,DVXb-Ixk3qD
79,https://www.threads.net/@asa_to_ame/post/DVU3PM0k1Tb,DVU3PM0k1Tb
80,https://www.threads.net/@asa_to_ame/post/DVU3RgDE_oC,DVU3RgDE_oC
81,https://www.threads.net/@asa_to_ame/post/DVS0s7jEyUU,DVS0s7jEyUU
82,https://www.threads.net/@asa_to_ame/post/DVS0u8ck4OP,DVS0u8ck4OP
83,https://www.threads.net/@asa_to_ame/post/DVSdZ5GE1i2,DVSdZ5GE1i2
84,https://www.threads.net/@asa_to_ame/post/DVSSg0xEw9H,DVSSg0xEw9H
85,https://www.threads.net/@asa_to_ame/post/DVSSi-Kk-pe,DVSSi-Kk-pe
86,https://www.threads.net/@asa_to_ame/post/DVQdYnDE6iK,DVQdYnDE6iK
87,https://www.threads.net/@asa_to_ame/post/DVQdY-kE60h,DVQdY-kE60h
88,https://www.threads.net/@asa_to_ame/post/DVQW0Dqk12H,DVQW0Dqk12H
89,https://www.threads.net/@asa_to_ame/post/DVQW2P7E22L,DVQW2P7E22L
90,https://www.threads.net/@asa_to_ame/post/DVQP2ihE_zr,DVQP2ihE_zr
91,https://www.threads.net/@asa_to_ame/post/DVQP47qk2k-,DVQP47qk2k-
92,https://www.threads.net/@asa_to_ame/post/DVP1oPBEywd,DVP1oPBEywd
93,https://www.threads.net/@asa_to_ame/post/DVP3e8uk-Wf,DVP3e8uk-Wf
94,https://www.threads.net/@asa_to_ame/post/DVPtkiUk_z9,DVPtkiUk_z9
95,https://www.threads.net/@asa_to_ame/post/DVPtnDOEz6n,DVPtnDOEz6n
96,https://www.threads.net/@asa_to_ame/post/DVPOlX5E2_A,DVPOlX5E2_A
97,https://www.threads.net/@asa_to_ame/post/DVOUmoRk7nL,DVOUmoRk7nL
98,https://www.threads.net/@asa_to_ame/post/DVOUr2Ik1qk,DVOUr2Ik1qk
99,https://www.threads.net/@asa_to_ame/post/DVOUUufE7K8,DVOUUufE7K8
100,https://www.threads.net/@asa_to_ame/post/DVOGXgik8dM,DVOGXgik8dM
101,https://www.threads.net/@asa_to_ame/post/DVOGl37k2sM,DVOGl37k2sM
102,https://www.threads.net/@asa_to_ame/post/DVOFNQbE_HT,DVOFNQbE_HT
103,https://www.threads.net/@asa_to_ame/post/DVOFNRpk4HT,DVOFNRpk4HT
104,https://www.threads.net/@asa_to_ame/post/DVOABl6k3KD,DVOABl6k3KD
105,https://www.threads.net/@asa_to_ame/post/DVOAQknkx66,DVOAQknkx66
106,https://www.threads.net/@asa_to_ame/post/DVN8TDAk2lo,DVN8TDAk2lo
107,https://www.threads.net/@asa_to_ame/post/DVN8TCfk37E,DVN8TCfk37E
108,https://www.threads.net/@asa_to_ame/post/DVN4yofk7zC,DVN4yofk7zC
109,https://www.threads.net/@asa_to_ame/post/DVN40qLk5Qn,DVN40qLk5Qn
110,https://www.threads.net/@asa_to_ame/post/DVNrCbikz4G,DVNrCbikz4G
111,https://www.threads.net/@asa_to_ame/post/DVNrEpFE7Dy,DVNrEpFE7Dy
112,https://www.threads.net/@asa_to_ame/post/DVNUVdNE58y,DVNUVdNE58y
113,https://www.threads.net/@asa_to_ame/post/DVNI3rJkzMp,DVNI3rJkzMp
114,https://www.threads.net/@asa_to_ame/post/DVNI6Ohk4dK,DVNI6Ohk4dK
115,https://www.threads.net/@asa_to_ame/post/DVLlIVxE_rG,DVLlIVxE_rG
116,https://www.threads.net/@asa_to_ame/post/DVLlKFZE3gu,DVLlKFZE3gu
117,https://www.threads.net/@asa_to_ame/post/DVLT9UYk3Dd,DVLT9UYk3Dd
118,https://www.threads.net/@asa_to_ame/post/DVLT-M6k4ZT,DVLT-M6k4ZT
119,https://www.threads.net/@asa_to_ame/post/DVLGRurE4LM,DVLGRurE4LM
120,https://www.threads.net/@asa_to_ame/post/DVLGT4bE2Rq,DVLGT4bE2Rq
121,https://www.threads.net/@asa_to_ame/post/DVLGSFJgHpW,DVLGSFJgHpW
122,https://www.threads.net/@asa_to_ame/post/DVKy-Ask0Tt,DVKy-Ask0Tt
123,https://www.threads.net/@asa_to_ame/post/DVKy-AZk3sX,DVKy-AZk3sX
124,https://www.threads.net/@asa_to_ame/post/DVKkM1wk0La,DVKkM1wk0La
125,https://www.threads.net/@asa_to_ame/post/DVKkPEPEwfB,DVKkPEPEwfB
126,https://www.threads.net/@asa_to_ame/post/DVKgT5NE3Dm,DVKgT5NE3Dm
127,https://www.threads.net/@asa_to_ame/post/DVJBERCE1OV,DVJBERCE1OV
128,https://www.threads.net/@asa_to_ame/post/DVJBEUZk5E9,DVJBEUZk5E9
129,https://www.threads.net/@asa_to_ame/post/DVI2H-5k-E2,DVI2H-5k-E2
130,https://www.threads.net/@asa_to_ame/post/DVI2KD5E3qt,DVI2KD5E3qt
131,https://www.threads.net/@asa_to_ame/post/DVIxANpk52a,DVIxANpk52a
132,https://www.threads.net/@asa_to_ame/post/DVIxALEk6sU,DVIxALEk6sU
133,https://www.threads.net/@asa_to_ame/post/DVIwEe0E9qa,DVIwEe0E9qa
134,https://www.threads.net/@asa_to_ame/post/DVIwZxDk9Bg,DVIwZxDk9Bg
135,https://www.threads.net/@asa_to_ame/post/DVIvRAHDvcI,DVIvRAHDvcI
136,https://www.threads.net/@asa_to_ame/post/DVIoZwkE0xE,DVIoZwkE0xE
137,https://www.threads.net/@asa_to_ame/post/DVIoby4kwHq,DVIoby4kwHq
138,https://www.threads.net/@asa_to_ame/post/DVIK2O4kyS0,DVIK2O4kyS0
139,https://www.threads.net/@asa_to_ame/post/DVIK4YQEwvk,DVIK4YQEwvk
140,https://www.threads.net/@asa_to_ame/post/DVGRbPWkxSo,DVGRbPWkxSo
141,https://www.threads.net/@asa_to_ame/post/DVGRdUTE1Jy,DVGRdUTE1Jy
142,https://www.threads.net/@asa_to_ame/post/DVGNeD1k5M0,DVGNeD1k5M0
143,https://www.threads.net/@asa_to_ame/post/DVGKyb4E_8f,DVGKyb4E_8f
144,https://www.threads.net/@asa_to_ame/post/DVGKzQoE-YB,DVGKzQoE-YB
145,https://www.threads.net/@asa_to_ame/post/DVGB9pFk_e1,DVGB9pFk_e1
146,https://www.threads.net/@asa_to_ame/post/DVGB9n2k3iw,DVGB9n2k3iw
147,https://www.threads.net/@asa_to_ame/post/DVF8rLfCaOg,DVF8rLfCaOg
148,https://www.threads.net/@asa_to_ame/post/DVF7UbpkyeO,DVF7UbpkyeO
149,https://www.threads.net/@asa_to_ame/post/DVF8nJ2E8Z8,DVF8nJ2E8Z8
150,https://www.threads.net/@asa_to_ame/post/DVF7NGbE4Q8,DVF7NGbE4Q8
151,https://www.threads.net/@asa_to_ame/post/DVFUvLHk5_k,DVFUvLHk5_k
152,https://www.threads.net/@asa_to_ame/post/DVFU0WUEyeC,DVFU0WUEyeC
153,https://www.threads.net/@asa_to_ame/post/DVFRe0Hkwgh,DVFRe0Hkwgh
154,https://www.threads.net/@asa_to_ame/post/DVFReysEyMU,DVFReysEyMU
155,https://www.threads.net/@asa_to_ame/post/DU-f0P5E-KH,DU-f0P5E-KH
156,https://www.threads.net/@asa_to_ame/post/DU-f1ySkyeY,DU-f1ySkyeY
157,https://www.threads.net/@asa_to_ame/post/DU-YvbIkxbC,DU-YvbIkxbC
158,https://www.threads.net/@asa_to_ame/post/DU-Yxgpk_8h,DU-Yxgpk_8h
159,https://www.threads.net/@asa_to_ame/post/DU-OSNNDg4I,DU-OSNNDg4I
160,https://www.threads.net/@asa_to_ame/post/DU9j9Kjk1l7,DU9j9Kjk1l7
161,https://www.threads.net/@asa_to_ame/post/DU9le1rk8Gy,DU9le1rk8Gy
162,https://www.threads.net/@asa_to_ame/post/DU8WgLak_EQ,DU8WgLak_EQ
163,https://www.threads.net/@asa_to_ame/post/DU8WlPIk1Uf,DU8WlPIk1Uf
164,https://www.threads.net/@asa_to_ame/post/DU8TqJdk1-A,DU8TqJdk1-A
165,https://www.threads.net/@asa_to_ame/post/DU76joiE9Ul,DU76joiE9Ul
166,https://www.threads.net/@asa_to_ame/post/DU76jonkydY,DU76jonkydY
167,https://www.threads.net/@asa_to_ame/post/DU7wX6Sj7Ld,DU7wX6Sj7Ld
168,https://www.threads.net/@asa_to_ame/post/DU7hvSIE9T1,DU7hvSIE9T1
169,https://www.threads.net/@asa_to_ame/post/DU5nS2nE4VA,DU5nS2nE4VA
170,https://www.threads.net/@asa_to_ame/post/DU5haYDE7gR,DU5haYDE7gR
171,https://www.threads.net/@asa_to_ame/post/DU5jUM6k7se,DU5jUM6k7se
172,https://www.threads.net/@asa_to_ame/post/DU5cahAk6O2,DU5cahAk6O2
173,https://www.threads.net/@asa_to_ame/post/DU5X_QQk8ph,DU5X_QQk8ph
174,https://www.threads.net/@asa_to_ame/post/DU5YV0qEweA,DU5YV0qEweA
175,https://www.threads.net/@asa_to_ame/post/DU5VMb0k70r,DU5VMb0k70r
176,https://www.threads.net/@asa_to_ame/post/DU5SaBqk8pe,DU5SaBqk8pe
177,https://www.threads.net/@asa_to_ame/post/DU5SZw6E-oT,DU5SZw6E-oT
178,https://www.threads.net/@asa_to_ame/post/DU4p6juk8d_,DU4p6juk8d_
179,https://www.threads.net/@asa_to_ame/post/DU4omotE7Kp,DU4omotE7Kp
180,https://www.threads.net/@asa_to_ame/post/DU4jtYokyZy,DU4jtYokyZy
181,https://www.threads.net/@asa_to_ame/post/DU4UWm_k_pW,DU4UWm_k_pW
182,https://www.threads.net/@asa_to_ame/post/DU293H0k-uk,DU293H0k-uk
183,https://www.threads.net/@asa_to_ame/post/DU2x-Nikyr2,DU2x-Nikyr2
184,https://www.threads.net/@asa_to_ame/post/DU2tS1LEwk4,DU2tS1LEwk4
185,https://www.threads.net/@asa_to_ame/post/DU2tS1gE2tG,DU2tS1gE2tG
186,https://www.threads.net/@asa_to_ame/post/DU2nNG-ExD1,DU2nNG-ExD1
187,https://www.threads.net/@asa_to_ame/post/DU2hS1zEzJi,DU2hS1zEzJi
188,https://www.threads.net/@asa_to_ame/post/DU2f9JvDJia,DU2f9JvDJia
189,https://www.threads.net/@asa_to_ame/post/DU2YLssk9RR,DU2YLssk9RR
190,https://www.threads.net/@asa_to_ame/post/DU2MqgEE690,DU2MqgEE690
191,https://www.threads.net/@asa_to_ame/post/DU2MqfwE7NM,DU2MqfwE7NM
192,https://www.threads.net/@asa_to_ame/post/DU2MUhsk3Bb,DU2MUhsk3Bb
193,https://www.threads.net/@asa_to_ame/post/DU2JdqGk9MW,DU2JdqGk9MW
194,https://www.threads.net/@asa_to_ame/post/DU2JglnE31-,DU2JglnE31-
195,https://www.threads.net/@asa_to_ame/post/DU11OkKk-X_,DU11OkKk-X_
196,https://www.threads.net/@asa_to_ame/post/DU1w6acEyNq,DU1w6acEyNq
197,https://www.threads.net/@asa_to_ame/post/DU1w_bvk_eS,DU1w_bvk_eS
198,https://www.threads.net/@asa_to_ame/post/DU1fUitk_SC,DU1fUitk_SC
199,https://www.threads.net/@asa_to_ame/post/DU1fWb-E0hX,DU1fWb-E0hX
200,https://www.threads.net/@asa_to_ame/post/DU0x3SVk1eG,DU0x3SVk1eG
201,https://www.threads.net/@asa_to_ame/post/DU0x3U6k7iT,DU0x3U6k7iT
202,https://www.threads.net/@asa_to_ame/post/DU0R4wiEzvC,DU0R4wiEzvC
203,https://www.threads.net/@asa_to_ame/post/DU0TZgBE7I4,DU0TZgBE7I4
204,https://www.threads.net/@asa_to_ame/post/DU0I04VkpSS,DU0I04VkpSS
205,https://www.threads.net/@asa_to_ame/post/DU0FZGmk-Q-,DU0FZGmk-Q-
206,https://www.threads.net/@asa_to_ame/post/DU0FaY_E4SX,DU0FaY_E4SX
207,https://www.threads.net/@asa_to_ame/post/DU0FQMxE7hh,DU0FQMxE7hh
208,https://www.threads.net/@asa_to_ame/post/DU0FQLmEzp5,DU0FQLmEzp5
209,https://www.threads.net/@asa_to_ame/post/DUz_J4-kwy9,DUz_J4-kwy9
210,https://www.threads.net/@asa_to_ame/post/DUz7ErCAOoB,DUz7ErCAOoB
211,https://www.threads.net/@asa_to_ame/post/DUz8JoCkyhm,DUz8JoCkyhm
212,https://www.threads.net/@asa_to_ame/post/DUzns7dExjp,DUzns7dExjp
213,https://www.threads.net/@asa_to_ame/post/DUze17qD6gm,DUze17qD6gm
214,https://www.threads.net/@asa_to_ame/post/DUze2_HD7xr,DUze2_HD7xr
215,https://www.threads.net/@asa_to_ame/post/DUzaLHyE9yj,DUzaLHyE9yj
216,https://www.threads.net/@asa_to_ame/post/DUzZk_Ak-jb,DUzZk_Ak-jb
217,https://www.threads.net/@asa_to_ame/post/DUzV0C5k41U,DUzV0C5k41U
218,https://www.threads.net/@asa_to_ame/post/DUxq4A0j8D0,DUxq4A0j8D0
219,https://www.threads.net/@asa_to_ame/post/DUxq6Dnjx48,DUxq6Dnjx48
220,https://www.threads.net/@asa_to_ame/post/DUxKJTQD3SC,DUxKJTQD3SC
221,https://www.threads.net/@asa_to_ame/post/DUxKKHDj-oG,DUxKKHDj-oG
222,https://www.threads.net/@asa_to_ame/post/DUw614nD7mM,DUw614nD7mM
223,https://www.threads.net/@asa_to_ame/post/DUw63yWj-2f,DUw63yWj-2f
224,https://www.threads.net/@asa_to_ame/post/DUw1boWDw9l,DUw1boWDw9l
225,https://www.threads.net/@asa_to_ame/post/DUwg8lZkzsi,DUwg8lZkzsi
226,https://www.threads.net/@asa_to_ame/post/DUwgtBCE_CL,DUwgtBCE_CL
227,https://www.threads.net/@asa_to_ame/post/DUwgs_pE9qy,DUwgs_pE9qy
228,https://www.threads.net/@asa_to_ame/post/DUwgNZCE8Ij,DUwgNZCE8Ij
229,https://www.threads.net/@asa_to_ame/post/DUvM8loD_vn,DUvM8loD_vn
230,https://www.threads.net/@asa_to_ame/post/DUvM-p1j-Tz,DUvM-p1j-Tz
231,https://www.threads.net/@asa_to_ame/post/DUu_NsZD0HV,DUu_NsZD0HV
232,https://www.threads.net/@asa_to_ame/post/DUu_PzID0cS,DUu_PzID0cS
233,https://www.threads.net/@asa_to_ame/post/DUuxexIj1b6,DUuxexIj1b6
234,https://www.threads.net/@asa_to_ame/post/DUuxgtpjySS,DUuxgtpjySS
235,https://www.threads.net/@asa_to_ame/post/DUulWa8j9J_,DUulWa8j9J_
236,https://www.threads.net/@asa_to_ame/post/DUuWA-njzf_,DUuWA-njzf_
237,https://www.threads.net/@asa_to_ame/post/DUuWDHGD99N,DUuWDHGD99N
238,https://www.threads.net/@asa_to_ame/post/DUuQou-jzzD,DUuQou-jzzD
239,https://www.threads.net/@asa_to_ame/post/DUuBanfAfHL,DUuBanfAfHL
240,https://www.threads.net/@asa_to_ame/post/DUuBcvGge9N,DUuBcvGge9N
241,https://www.threads.net/@asa_to_ame/post/DUsoKtUiS4i,DUsoKtUiS4i
242,https://www.threads.net/@asa_to_ame/post/DUsnqF7E8Uu,DUsnqF7E8Uu
243,https://www.threads.net/@asa_to_ame/post/DUsnPdSk28g,DUsnPdSk28g
244,https://www.threads.net/@asa_to_ame/post/DUsaa0ID6zP,DUsaa0ID6zP
245,https://www.threads.net/@asa_to_ame/post/DUsac4LD045,DUsac4LD045
246,https://www.threads.net/@asa_to_ame/post/DUsV0D7k1k4,DUsV0D7k1k4
247,https://www.threads.net/@asa_to_ame/post/DUsVRnPE4ax,DUsVRnPE4ax
248,https://www.threads.net/@asa_to_ame/post/DUsVRjTE__f,DUsVRjTE__f
249,https://www.threads.net/@asa_to_ame/post/DUsT8-7D31l,DUsT8-7D31l
250,https://www.threads.net/@asa_to_ame/post/DUsT_BFD7vx,DUsT_BFD7vx
251,https://www.threads.net/@asa_to_ame/post/DUsMyLzCJ09,DUsMyLzCJ09
252,https://www.threads.net/@asa_to_ame/post/DUsMr6MgSW_,DUsMr6MgSW_
253,https://www.threads.net/@asa_to_ame/post/DUsMt0KAaYb,DUsMt0KAaYb
254,https://www.threads.net/@asa_to_ame/post/DUsIOq0E7_Q,DUsIOq0E7_Q
255,https://www.threads.net/@asa_to_ame/post/DUr-9BTAeBj,DUr-9BTAeBj
256,https://www.threads.net/@asa_to_ame/post/DUr-_JFgUW6,DUr-_JFgUW6
257,https://www.threads.net/@asa_to_ame/post/DUr2z24E4cq,DUr2z24E4cq
258,https://www.threads.net/@asa_to_ame/post/DUr25b8E6wx,DUr25b8E6wx
259,https://www.threads.net/@asa_to_ame/post/DUry78PAf5J,DUry78PAf5J
260,https://www.threads.net/@asa_to_ame/post/DUrus9Bgfj1,DUrus9Bgfj1
261,https://www.threads.net/@asa_to_ame/post/DUrut5dAdKI,DUrut5dAdKI
262,https://www.threads.net/@asa_to_ame/post/DUrlFt8gc6E,DUrlFt8gc6E
263,https://www.threads.net/@asa_to_ame/post/DUqUWeZk8t1,DUqUWeZk8t1
264,https://www.threads.net/@asa_to_ame/post/DUqOjVIkzua,DUqOjVIkzua
265,https://www.threads.net/@asa_to_ame/post/DUqOnS9E5jq,DUqOnS9E5jq
266,https://www.threads.net/@asa_to_ame/post/DUqFD6pE9wM,DUqFD6pE9wM
267,https://www.threads.net/@asa_to_ame/post/DUp8gThCeRY,DUp8gThCeRY
268,https://www.threads.net/@asa_to_ame/post/DUp8hYbCRnT,DUp8hYbCRnT
269,https://www.threads.net/@asa_to_ame/post/DUp11nykxXE,DUp11nykxXE
270,https://www.threads.net/@asa_to_ame/post/DUp11owE94r,DUp11owE94r
271,https://www.threads.net/@asa_to_ame/post/DUp1n8ij6C1,DUp1n8ij6C1
272,https://www.threads.net/@asa_to_ame/post/DUp1p-0DyDd,DUp1p-0DyDd
273,https://www.threads.net/@asa_to_ame/post/DUpyq4ok0Au,DUpyq4ok0Au
274,https://www.threads.net/@asa_to_ame/post/DUpyq12kwUu,DUpyq12kwUu
275,https://www.threads.net/@asa_to_ame/post/DUpuwflj63k,DUpuwflj63k
276,https://www.threads.net/@asa_to_ame/post/DUpuxP_Dykp,DUpuxP_Dykp
277,https://www.threads.net/@asa_to_ame/post/DUpn5C6j9d3,DUpn5C6j9d3
278,https://www.threads.net/@asa_to_ame/post/DUpn7C0D3xo,DUpn7C0D3xo
279,https://www.threads.net/@asa_to_ame/post/DUnej__gVfG,DUnej__gVfG
280,https://www.threads.net/@asa_to_ame/post/DUnemJHATsv,DUnemJHATsv
281,https://www.threads.net/@asa_to_ame/post/DUndB0skx5g,DUndB0skx5g
282,https://www.threads.net/@asa_to_ame/post/DUndBMlE0-m,DUndBMlE0-m
283,https://www.threads.net/@asa_to_ame/post/DUnXtvFgZ7P,DUnXtvFgZ7P
284,https://www.threads.net/@asa_to_ame/post/DUnXv_mAe4K,DUnXv_mAe4K
285,https://www.threads.net/@asa_to_ame/post/DUnQ1Eygc2t,DUnQ1Eygc2t
286,https://www.threads.net/@asa_to_ame/post/DUnQ3DDAU-e,DUnQ3DDAU-e
287,https://www.threads.net/@asa_to_ame/post/DUnKZaEEyZA,DUnKZaEEyZA
288,https://www.threads.net/@asa_to_ame/post/DUnKZaukzoi,DUnKZaukzoi
289,https://www.threads.net/@asa_to_ame/post/DUnJ-cxgfGF,DUnJ-cxgfGF
290,https://www.threads.net/@asa_to_ame/post/DUnKAhWATGg,DUnKAhWATGg
291,https://www.threads.net/@asa_to_ame/post/DUnHqgok2_n,DUnHqgok2_n
292,https://www.threads.net/@asa_to_ame/post/DUnDGKgAUfI,DUnDGKgAUfI
293,https://www.threads.net/@asa_to_ame/post/DUnDIJ2ATh3,DUnDIJ2ATh3
294,https://www.threads.net/@asa_to_ame/post/DUmylPHE8zT,DUmylPHE8zT
295,https://www.threads.net/@asa_to_ame/post/DUmb2rmE8hs,DUmb2rmE8hs
296,https://www.threads.net/@asa_to_ame/post/DUk0oSMkyUe,DUk0oSMkyUe
297,https://www.threads.net/@asa_to_ame/post/DUkzT1BkxNu,DUkzT1BkxNu
298,https://www.threads.net/@asa_to_ame/post/DUkzT3CE_n_,DUkzT3CE_n_
299,https://www.threads.net/@asa_to_ame/post/DUky7ntiU0z,DUky7ntiU0z
300,https://www.threads.net/@asa_to_ame/post/DUky9kgCcIg,DUky9kgCcIg
301,https://www.threads.net/@asa_to_ame/post/DUksCKmCRXn,DUksCKmCRXn
302,https://www.threads.net/@asa_to_ame/post/DUksEPcidXR,DUksEPcidXR
303,https://www.threads.net/@asa_to_ame/post/DUklKwiCfAB,DUklKwiCfAB
304,https://www.threads.net/@asa_to_ame/post/DUklMm7CWPO,DUklMm7CWPO
305,https://www.threads.net/@asa_to_ame/post/DUkeTRuiSP9,DUkeTRuiSP9
306,https://www.threads.net/@asa_to_ame/post/DUkeVWdieKu,DUkeVWdieKu
307,https://www.threads.net/@asa_to_ame/post/DUiZrEvE84V,DUiZrEvE84V
308,https://www.threads.net/@asa_to_ame/post/DUiZa0Pk7jY,DUiZa0Pk7jY
309,https://www.threads.net/@asa_to_ame/post/DUiVCmGCfwz,DUiVCmGCfwz
310,https://www.threads.net/@asa_to_ame/post/DUiVElyCZ1B,DUiVElyCZ1B
311,https://www.threads.net/@asa_to_ame/post/DUiTEU7E08Y,DUiTEU7E08Y
312,https://www.threads.net/@asa_to_ame/post/DUiTEOWE62z,DUiTEOWE62z
313,https://www.threads.net/@asa_to_ame/post/DUiOJNhCQMx,DUiOJNhCQMx
314,https://www.threads.net/@asa_to_ame/post/DUiOLFXiWPp,DUiOLFXiWPp
315,https://www.threads.net/@asa_to_ame/post/DUiHS-TiUFI,DUiHS-TiUFI
316,https://www.threads.net/@asa_to_ame/post/DUiHU_2CUTo,DUiHU_2CUTo
317,https://www.threads.net/@asa_to_ame/post/DUiAbgUiR6H,DUiAbgUiR6H
318,https://www.threads.net/@asa_to_ame/post/DUiAdbVCd--,DUiAdbVCd--
319,https://www.threads.net/@asa_to_ame/post/DUh-JBYCQBM,DUh-JBYCQBM
320,https://www.threads.net/@asa_to_ame/post/DUh-K7FiWb4,DUh-K7FiWb4
321,https://www.threads.net/@asa_to_ame/post/DUh3GfEE0LN,DUh3GfEE0LN
322,https://www.threads.net/@asa_to_ame/post/DUhf-XIkyJv,DUhf-XIkyJv
323,https://www.threads.net/@asa_to_ame/post/DUfpV0ACTgf,DUfpV0ACTgf
324,https://www.threads.net/@asa_to_ame/post/DUfpXtWCe2b,DUfpXtWCe2b
325,https://www.threads.net/@asa_to_ame/post/DUfboBNiaB2,DUfboBNiaB2
326,https://www.threads.net/@asa_to_ame/post/DUfbp5ICfJe,DUfbp5ICfJe
327,https://www.threads.net/@asa_to_ame/post/DUfUtkpiQnM,DUfUtkpiQnM
328,https://www.threads.net/@asa_to_ame/post/DUfUvckieYV,DUfUvckieYV
329,https://www.threads.net/@asa_to_ame/post/DUfGcXnk-x7,DUfGcXnk-x7
330,https://www.threads.net/@asa_to_ame/post/DUekpV3k_l8,DUekpV3k_l8
331,https://www.threads.net/@asa_to_ame/post/DUekrU_k5-u,DUekrU_k5-u
332,https://www.threads.net/@asa_to_ame/post/DUdan9BkxD9,DUdan9BkxD9
333,https://www.threads.net/@asa_to_ame/post/DUc9pjPCcHE,DUc9pjPCcHE
334,https://www.threads.net/@asa_to_ame/post/DUc9rarCY7y,DUc9rarCY7y
335,https://www.threads.net/@asa_to_ame/post/DUcv6qPCdJC,DUcv6qPCdJC
336,https://www.threads.net/@asa_to_ame/post/DUcv8eaiWZC,DUcv8eaiWZC
337,https://www.threads.net/@asa_to_ame/post/DUcNplvidOw,DUcNplvidOw
338,https://www.threads.net/@asa_to_ame/post/DUcNqUhicbe,DUcNqUhicbe
339,https://www.threads.net/@asa_to_ame/post/DUb_2fvE1Lk,DUb_2fvE1Lk
340,https://www.threads.net/@asa_to_ame/post/DUb_4dIkxbo,DUb_4dIkxbo
341,https://www.threads.net/@asa_to_ame/post/DUaY3WACTc9,DUaY3WACTc9
342,https://www.threads.net/@asa_to_ame/post/DUaY5WPiWqn,DUaY5WPiWqn
343,https://www.threads.net/@asa_to_ame/post/DUaLHxsiS4O,DUaLHxsiS4O
344,https://www.threads.net/@asa_to_ame/post/DUaLJxPicdX,DUaLJxPicdX
345,https://www.threads.net/@asa_to_ame/post/DUaJfpaE49c,DUaJfpaE49c
346,https://www.threads.net/@asa_to_ame/post/DUaJjH-E8q4,DUaJjH-E8q4
347,https://www.threads.net/@asa_to_ame/post/DUaIsk3Eyly,DUaIsk3Eyly
348,https://www.threads.net/@asa_to_ame/post/DUaEUHWjogh,DUaEUHWjogh
349,https://www.threads.net/@asa_to_ame/post/DUaEUzFDiCO,DUaEUzFDiCO
350,https://www.threads.net/@asa_to_ame/post/DUZp-S2E13y,DUZp-S2E13y
351,https://www.threads.net/@asa_to_ame/post/DUZoquZk2tS,DUZoquZk2tS
352,https://www.threads.net/@asa_to_ame/post/DUZmwFZEx9e,DUZmwFZEx9e
353,https://www.threads.net/@asa_to_ame/post/DUYE8I0E7Ij,DUYE8I0E7Ij
354,https://www.threads.net/@asa_to_ame/post/DUX7imYk58d,DUX7imYk58d
355,https://www.threads.net/@asa_to_ame/post/DUX3MgZk2kE,DUX3MgZk2kE
356,https://www.threads.net/@asa_to_ame/post/DUX3MXrE95i,DUX3MXrE95i
357,https://www.threads.net/@asa_to_ame/post/DUX0Dz7CZJW,DUX0Dz7CZJW
358,https://www.threads.net/@asa_to_ame/post/DUX0FpoCenu,DUX0FpoCenu
359,https://www.threads.net/@asa_to_ame/post/DUXwtkrgMEj,DUXwtkrgMEj
360,https://www.threads.net/@asa_to_ame/post/DUXwuNkAHux,DUXwuNkAHux
361,https://www.threads.net/@asa_to_ame/post/DUXtRVyCYEm,DUXtRVyCYEm
362,https://www.threads.net/@asa_to_ame/post/DUXp9tUk526,DUXp9tUk526
363,https://www.threads.net/@asa_to_ame/post/DUXqI7ok5jt,DUXqI7ok5jt
364,https://www.threads.net/@asa_to_ame/post/DUXmU60if6W,DUXmU60if6W
365,https://www.threads.net/@asa_to_ame/post/DUXmW1dCUod,DUXmW1dCUod
366,https://www.threads.net/@asa_to_ame/post/DUXXsfbE2qq,DUXXsfbE2qq
367,https://www.threads.net/@asa_to_ame/post/DUXXscZk8f9,DUXXscZk8f9
368,https://www.threads.net/@asa_to_ame/post/DUXXgWzEwxd,DUXXgWzEwxd
369,https://www.threads.net/@asa_to_ame/post/DUXXgWuE0Sq,DUXXgWuE0Sq
370,https://www.threads.net/@asa_to_ame/post/DUXMzH7k-id,DUXMzH7k-id
371,https://www.threads.net/@asa_to_ame/post/DUW1viFE8LV,DUW1viFE8LV
372,https://www.threads.net/@asa_to_ame/post/DUW1xvskwWR,DUW1xvskwWR
373,https://www.threads.net/@asa_to_ame/post/DUW1X3SEyvP,DUW1X3SEyvP
374,https://www.threads.net/@asa_to_ame/post/DUViWLcE8an,DUViWLcE8an
375,https://www.threads.net/@asa_to_ame/post/DUVg0Rkk-Sh,DUVg0Rkk-Sh
376,https://www.threads.net/@asa_to_ame/post/DUVPQ7liXZi,DUVPQ7liXZi
377,https://www.threads.net/@asa_to_ame/post/DUVPTDJCY2L,DUVPTDJCY2L
378,https://www.threads.net/@asa_to_ame/post/DUVMur_E115,DUVMur_E115
379,https://www.threads.net/@asa_to_ame/post/DUVMutDkwBC,DUVMutDkwBC
380,https://www.threads.net/@asa_to_ame/post/DUVIZdtCb9n,DUVIZdtCb9n
381,https://www.threads.net/@asa_to_ame/post/DUVFAjJjewc,DUVFAjJjewc
382,https://www.threads.net/@asa_to_ame/post/DUVFBEkDeTw,DUVFBEkDeTw
383,https://www.threads.net/@asa_to_ame/post/DUVDQulk20r,DUVDQulk20r
384,https://www.threads.net/@asa_to_ame/post/DUVBiB9iRTy,DUVBiB9iRTy
385,https://www.threads.net/@asa_to_ame/post/DUVBkAGCVo3,DUVBkAGCVo3
386,https://www.threads.net/@asa_to_ame/post/DUU6pCTE31e,DUU6pCTE31e
387,https://www.threads.net/@asa_to_ame/post/DUU6Iigk3tj,DUU6Iigk3tj
388,https://www.threads.net/@asa_to_ame/post/DUU6Igek90G,DUU6Igek90G
389,https://www.threads.net/@asa_to_ame/post/DUU1j7uk01v,DUU1j7uk01v
390,https://www.threads.net/@asa_to_ame/post/DUUi1r-E8TN,DUUi1r-E8TN
391,https://www.threads.net/@asa_to_ame/post/DUUhirDk4Qp,DUUhirDk4Qp
392,https://www.threads.net/@asa_to_ame/post/DUUhiq_E801,DUUhiq_E801
393,https://www.threads.net/@asa_to_ame/post/DUS4tlgE0rT,DUS4tlgE0rT
394,https://www.threads.net/@asa_to_ame/post/DUTE4cLE4TQ,DUTE4cLE4TQ
395,https://www.threads.net/@asa_to_ame/post/DUSxXhKkyGx,DUSxXhKkyGx
396,https://www.threads.net/@asa_to_ame/post/DUSqgg5CXm8,DUSqgg5CXm8
397,https://www.threads.net/@asa_to_ame/post/DUSqiU4CbG0,DUSqiU4CbG0
398,https://www.threads.net/@asa_to_ame/post/DUSjpEUCRk6,DUSjpEUCRk6
399,https://www.threads.net/@asa_to_ame/post/DUSjrD6Cesw,DUSjrD6Cesw
400,https://www.threads.net/@asa_to_ame/post/DUScxm4CYTk,DUScxm4CYTk
401,https://www.threads.net/@asa_to_ame/post/DUScznDCXXJ,DUScznDCXXJ
402,https://www.threads.net/@asa_to_ame/post/DUR4oA1E-xz,DUR4oA1E-xz
403,https://www.threads.net/@asa_to_ame/post/DUR4ISKE6PI,DUR4ISKE6PI
404,https://www.threads.net/@asa_to_ame/post/DUQQJnqkQKV,DUQQJnqkQKV
405,https://www.threads.net/@asa_to_ame/post/DUQQKRSkZjP,DUQQKRSkZjP
406,https://www.threads.net/@asa_to_ame/post/DUQLqJjk-bX,DUQLqJjk-bX
407,https://www.threads.net/@asa_to_ame/post/DUQLJLDE8F4,DUQLJLDE8F4
408,https://www.threads.net/@asa_to_ame/post/DUQLJNjE5MK,DUQLJNjE5MK
409,https://www.threads.net/@asa_to_ame/post/DUNiHv4k4Eu,DUNiHv4k4Eu
410,https://www.threads.net/@asa_to_ame/post/DUNiHtlkzuz,DUNiHtlkzuz
411,https://www.threads.net/@asa_to_ame/post/DUNhvfOk_Nk,DUNhvfOk_Nk
412,https://www.threads.net/@asa_to_ame/post/DUNBkoJE_64,DUNBkoJE_64
413,https://www.threads.net/@asa_to_ame/post/DUNABUyky1w,DUNABUyky1w
414,https://www.threads.net/@asa_to_ame/post/DUM3vqKkyfX,DUM3vqKkyfX
415,https://www.threads.net/@asa_to_ame/post/DUM3xvSEwpF,DUM3xvSEwpF
416,https://www.threads.net/@asa_to_ame/post/DUM3PsLkzoY,DUM3PsLkzoY
417,https://www.threads.net/@asa_to_ame/post/DUMo3TVk8_C,DUMo3TVk8_C
418,https://www.threads.net/@asa_to_ame/post/DUMosa5k9yv,DUMosa5k9yv
419,https://www.threads.net/@asa_to_ame/post/DUMopKoE1_F,DUMopKoE1_F
420,https://www.threads.net/@asa_to_ame/post/DUK8_QMk6nz,DUK8_QMk6nz
421,https://www.threads.net/@asa_to_ame/post/DUK816Tkzss,DUK816Tkzss
422,https://www.threads.net/@asa_to_ame/post/DUK8uKhk4GE,DUK8uKhk4GE
423,https://www.threads.net/@asa_to_ame/post/DUK8k5pk4bl,DUK8k5pk4bl
424,https://www.threads.net/@asa_to_ame/post/DUK8k7Ykw0S,DUK8k7Ykw0S
425,https://www.threads.net/@asa_to_ame/post/DUKE2n9k_Yn,DUKE2n9k_Yn
426,https://www.threads.net/@asa_to_ame/post/DUKE2lNk6Dx,DUKE2lNk6Dx
427,https://www.threads.net/@asa_to_ame/post/DUKD8UNk2bf,DUKD8UNk2bf
428,https://www.threads.net/@asa_to_ame/post/DUKCD7DExV3,DUKCD7DExV3
429,https://www.threads.net/@asa_to_ame/post/DUKCDskEwPO,DUKCDskEwPO
430,https://www.threads.net/@asa_to_ame/post/DUI8boSE9Zp,DUI8boSE9Zp
431,https://www.threads.net/@asa_to_ame/post/DUIeMgoDcUO,DUIeMgoDcUO
432,https://www.threads.net/@asa_to_ame/post/DUIeNhNDZqz,DUIeNhNDZqz
433,https://www.threads.net/@asa_to_ame/post/DUIWhPjE2Fm,DUIWhPjE2Fm
434,https://www.threads.net/@asa_to_ame/post/DUIQfY3EdEE,DUIQfY3EdEE
435,https://www.threads.net/@asa_to_ame/post/DUIQf83ERs2,DUIQf83ERs2
436,https://www.threads.net/@asa_to_ame/post/DUIM_Y0Dwby,DUIM_Y0Dwby
437,https://www.threads.net/@asa_to_ame/post/DUINAAKD6SS,DUINAAKD6SS
438,https://www.threads.net/@asa_to_ame/post/DUIK1ruE4gk,DUIK1ruE4gk
439,https://www.threads.net/@asa_to_ame/post/DUIJjdNilkx,DUIJjdNilkx
440,https://www.threads.net/@asa_to_ame/post/DUIJlBlito_,DUIJlBlito_
441,https://www.threads.net/@asa_to_ame/post/DUIHHUyEz5l,DUIHHUyEz5l
442,https://www.threads.net/@asa_to_ame/post/DUIEeofk9yL,DUIEeofk9yL
443,https://www.threads.net/@asa_to_ame/post/DUICuNFDp8x,DUICuNFDp8x
444,https://www.threads.net/@asa_to_ame/post/DUICuyAjjdc,DUICuyAjjdc
445,https://www.threads.net/@asa_to_ame/post/DUH0D1HEwA_,DUH0D1HEwA_
446,https://www.threads.net/@asa_to_ame/post/DUHzd6xk3e0,DUHzd6xk3e0
447,https://www.threads.net/@asa_to_ame/post/DUHzgoRE14S,DUHzgoRE14S
448,https://www.threads.net/@asa_to_ame/post/DUHskdEk9gw,DUHskdEk9gw
449,https://www.threads.net/@asa_to_ame/post/DUHp_YeCWc4,DUHp_YeCWc4
450,https://www.threads.net/@asa_to_ame/post/DUHmMg0CcJt,DUHmMg0CcJt
451,https://www.threads.net/@asa_to_ame/post/DUHmOh0ibQp,DUHmOh0ibQp
452,https://www.threads.net/@asa_to_ame/post/DUHjGQYE-Nk,DUHjGQYE-Nk
453,https://www.threads.net/@asa_to_ame/post/DUHgCUREz86,DUHgCUREz86
454,https://www.threads.net/@asa_to_ame/post/DUGBsqJk5fV,DUGBsqJk5fV
455,https://www.threads.net/@asa_to_ame/post/DUGBsqsk5nl,DUGBsqsk5nl
456,https://www.threads.net/@asa_to_ame/post/DUGAS-Mk8YM,DUGAS-Mk8YM
457,https://www.threads.net/@asa_to_ame/post/DUFygMTkzy2,DUFygMTkzy2
458,https://www.threads.net/@asa_to_ame/post/DUFk3magdTo,DUFk3magdTo
459,https://www.threads.net/@asa_to_ame/post/DUFk4arATTA,DUFk4arATTA
460,https://www.threads.net/@asa_to_ame/post/DUFPdCHk9R_,DUFPdCHk9R_
461,https://www.threads.net/@asa_to_ame/post/DUFPdC5kzYp,DUFPdC5kzYp
462,https://www.threads.net/@asa_to_ame/post/DUFOsWGE9QN,DUFOsWGE9QN
463,https://www.threads.net/@asa_to_ame/post/DUFN7YoEyUN,DUFN7YoEyUN
464,https://www.threads.net/@asa_to_ame/post/DUFN7Z5E86S,DUFN7Z5E86S
465,https://www.threads.net/@asa_to_ame/post/DUFNhmBkxgr,DUFNhmBkxgr
466,https://www.threads.net/@asa_to_ame/post/DUFNCDHExlo,DUFNCDHExlo
467,https://www.threads.net/@asa_to_ame/post/DUDQrUqEzC7,DUDQrUqEzC7
468,https://www.threads.net/@asa_to_ame/post/DUDQrUbEy2N,DUDQrUbEy2N
469,https://www.threads.net/@asa_to_ame/post/DUDKYQ1k_js,DUDKYQ1k_js
470,https://www.threads.net/@asa_to_ame/post/DUDKYEPk2rO,DUDKYEPk2rO
471,https://www.threads.net/@asa_to_ame/post/DUDJXynE45V,DUDJXynE45V
472,https://www.threads.net/@asa_to_ame/post/DUDJX3wE5wm,DUDJX3wE5wm
473,https://www.threads.net/@asa_to_ame/post/DUDFE9BE2j6,DUDFE9BE2j6
474,https://www.threads.net/@asa_to_ame/post/DUDDXV1E82l,DUDDXV1E82l
475,https://www.threads.net/@asa_to_ame/post/DUDDE9UE6Gq,DUDDE9UE6Gq
476,https://www.threads.net/@asa_to_ame/post/DUCigU8kxlT,DUCigU8kxlT
477,https://www.threads.net/@asa_to_ame/post/DUAtwetk9zR,DUAtwetk9zR
478,https://www.threads.net/@asa_to_ame/post/DUAtwdIE-Cb,DUAtwdIE-Cb
479,https://www.threads.net/@asa_to_ame/post/DUAnNjIE8Yx,DUAnNjIE8Yx
480,https://www.threads.net/@asa_to_ame/post/DUAqpGLEy7C,DUAqpGLEy7C
481,https://www.threads.net/@asa_to_ame/post/DUAiFcqjhzB,DUAiFcqjhzB
482,https://www.threads.net/@asa_to_ame/post/DUAiGEvjv-f,DUAiGEvjv-f
483,https://www.threads.net/@asa_to_ame/post/DUAeq1LiYcv,DUAeq1LiYcv
484,https://www.threads.net/@asa_to_ame/post/DUAstA4k_oX,DUAstA4k_oX
485,https://www.threads.net/@asa_to_ame/post/DUAc-vDk4Ut,DUAc-vDk4Ut
486,https://www.threads.net/@asa_to_ame/post/DUAbNrgAdyZ,DUAbNrgAdyZ
487,https://www.threads.net/@asa_to_ame/post/DUAbOenAR4f,DUAbOenAR4f
488,https://www.threads.net/@asa_to_ame/post/DUAIZbwE9AN,DUAIZbwE9AN
489,https://www.threads.net/@asa_to_ame/post/DUAI8uKE6uX,DUAI8uKE6uX
490,https://www.threads.net/@asa_to_ame/post/DUAHXmsE7eU,DUAHXmsE7eU
491,https://www.threads.net/@asa_to_ame/post/DUAHXoIExdZ,DUAHXoIExdZ
492,https://www.threads.net/@asa_to_ame/post/DUAHBEOk_va,DUAHBEOk_va
493,https://www.threads.net/@asa_to_ame/post/DUAG11hk1vM,DUAG11hk1vM
494,https://www.threads.net/@asa_to_ame/post/DUAFT0_k-Ij,DUAFT0_k-Ij
495,https://www.threads.net/@asa_to_ame/post/DT-DLAmk4Sh,DT-DLAmk4Sh
496,https://www.threads.net/@asa_to_ame/post/DT-DLBPk-Pg,DT-DLBPk-Pg
497,https://www.threads.net/@asa_to_ame/post/DT-BGdCk_u6,DT-BGdCk_u6
498,https://www.threads.net/@asa_to_ame/post/DT94oj3EwzC,DT94oj3EwzC
499,https://www.threads.net/@asa_to_ame/post/DT94ok3E256,DT94ok3E256
500,https://www.threads.net/@asa_to_ame/post/DT9sXRMmP4J,DT9sXRMmP4J
501,https://www.threads.net/@asa_to_ame/post/DT9sX6CmN2L,DT9sX6CmN2L
502,https://www.threads.net/@asa_to_ame/post/DT8xtpNE68Y,DT8xtpNE68Y
503,https://www.threads.net/@asa_to_ame/post/DT7mLqdGL7Z,DT7mLqdGL7Z
504,https://www.threads.net/@asa_to_ame/post/DT7mMZ3GMXn,DT7mMZ3GMXn
505,https://www.threads.net/@asa_to_ame/post/DT7YdiwGMAB,DT7YdiwGMAB
506,https://www.threads.net/@asa_to_ame/post/DT7YfnVGGUw,DT7YfnVGGUw
507,https://www.threads.net/@asa_to_ame/post/DT7RlRjGKC4,DT7RlRjGKC4
508,https://www.threads.net/@asa_to_ame/post/DT7RnVPmBHf,DT7RnVPmBHf
509,https://www.threads.net/@asa_to_ame/post/DT62Hd3GA02,DT62Hd3GA02
510,https://www.threads.net/@asa_to_ame/post/DT62ISXmIt0,DT62ISXmIt0
511,https://www.threads.net/@asa_to_ame/post/DT6vTwtmOYw,DT6vTwtmOYw
512,https://www.threads.net/@asa_to_ame/post/DT6T1Byk99b,DT6T1Byk99b
513,https://www.threads.net/@asa_to_ame/post/DT5BYx4GPvJ,DT5BYx4GPvJ
514,https://www.threads.net/@asa_to_ame/post/DT5BavzGKyx,DT5BavzGKyx
515,https://www.threads.net/@asa_to_ame/post/DT46hU3ky8D,DT46hU3ky8D
516,https://www.threads.net/@asa_to_ame/post/DT46jQHkwGT,DT46jQHkwGT
517,https://www.threads.net/@asa_to_ame/post/DT4zp4XkyeC,DT4zp4XkyeC
518,https://www.threads.net/@asa_to_ame/post/DT4zqpbE5WQ,DT4zqpbE5WQ
519,https://www.threads.net/@asa_to_ame/post/DT4szODkxAV,DT4szODkxAV
520,https://www.threads.net/@asa_to_ame/post/DT4s0Atk969,DT4s0Atk969
521,https://www.threads.net/@asa_to_ame/post/DT4KgNxE2RH,DT4KgNxE2RH
522,https://www.threads.net/@asa_to_ame/post/DT3oH33E-ff,DT3oH33E-ff
523,https://www.threads.net/@asa_to_ame/post/DT2cNogk87n,DT2cNogk87n
524,https://www.threads.net/@asa_to_ame/post/DT2cNpqExR7,DT2cNpqExR7
525,https://www.threads.net/@asa_to_ame/post/DT2VudSk0ww,DT2VudSk0ww
526,https://www.threads.net/@asa_to_ame/post/DT2Vwbyk6oT,DT2Vwbyk6oT
527,https://www.threads.net/@asa_to_ame/post/DT2O2-nk69N,DT2O2-nk69N
528,https://www.threads.net/@asa_to_ame/post/DT2O46DEyMv,DT2O46DEyMv
529,https://www.threads.net/@asa_to_ame/post/DT2H_iGExK6,DT2H_iGExK6
530,https://www.threads.net/@asa_to_ame/post/DT2IBkokxPe,DT2IBkokxPe
531,https://www.threads.net/@asa_to_ame/post/DT1s_BpExp_,DT1s_BpExp_
532,https://www.threads.net/@asa_to_ame/post/DT1tBIfE_M-,DT1tBIfE_M-
533,https://www.threads.net/@asa_to_ame/post/DT1lqRbEzbj,DT1lqRbEzbj
534,https://www.threads.net/@asa_to_ame/post/DT1DU_-k7Em,DT1DU_-k7Em
535,https://www.threads.net/@asa_to_ame/post/DTz_RGnEwk3,DTz_RGnEwk3
536,https://www.threads.net/@asa_to_ame/post/DTz_Q_AkxDS,DTz_Q_AkxDS
537,https://www.threads.net/@asa_to_ame/post/DTz34ToCkzW,DTz34ToCkzW
538,https://www.threads.net/@asa_to_ame/post/DTz0b04EaRA,DTz0b04EaRA
539,https://www.threads.net/@asa_to_ame/post/DTz0cY3EfvT,DTz0cY3EfvT
540,https://www.threads.net/@asa_to_ame/post/DTzw7kPk6tc,DTzw7kPk6tc
541,https://www.threads.net/@asa_to_ame/post/DTzw8Wkk6T0,DTzw8Wkk6T0
542,https://www.threads.net/@asa_to_ame/post/DTzwgrZkzTq,DTzwgrZkzTq
543,https://www.threads.net/@asa_to_ame/post/DTzqEHaE1e0,DTzqEHaE1e0
544,https://www.threads.net/@asa_to_ame/post/DTzqGFNkwlw,DTzqGFNkwlw
545,https://www.threads.net/@asa_to_ame/post/DTzjOx6k-CN,DTzjOx6k-CN
546,https://www.threads.net/@asa_to_ame/post/DTzjPoVk52l,DTzjPoVk52l
547,https://www.threads.net/@asa_to_ame/post/DTzb59zE1Fv,DTzb59zE1Fv
548,https://www.threads.net/@asa_to_ame/post/DTzHtU_kxR9,DTzHtU_kxR9
549,https://www.threads.net/@asa_to_ame/post/DTzHtVGk2gB,DTzHtVGk2gB
550,https://www.threads.net/@asa_to_ame/post/DTzB8xMEzfn,DTzB8xMEzfn
551,https://www.threads.net/@asa_to_ame/post/DTzA7zJk_ty,DTzA7zJk_ty
552,https://www.threads.net/@asa_to_ame/post/DTy4cDeE19M,DTy4cDeE19M
553,https://www.threads.net/@asa_to_ame/post/DTyeiHfkxiI,DTyeiHfkxiI
554,https://www.threads.net/@asa_to_ame/post/DTxpwApk_P5,DTxpwApk_P5
555,https://www.threads.net/@asa_to_ame/post/DTxd37dk0DA,DTxd37dk0DA
556,https://www.threads.net/@asa_to_ame/post/DTxWcCoARMt,DTxWcCoARMt
557,https://www.threads.net/@asa_to_ame/post/DTxWcz4AU0d,DTxWcz4AU0d
558,https://www.threads.net/@asa_to_ame/post/DTxMItAE0Sf,DTxMItAE0Sf
559,https://www.threads.net/@asa_to_ame/post/DTxMKz1EwlN,DTxMKz1EwlN
560,https://www.threads.net/@asa_to_ame/post/DTxFRYzk7Ra,DTxFRYzk7Ra
561,https://www.threads.net/@asa_to_ame/post/DTxFTULE8hm,DTxFTULE8hm
562,https://www.threads.net/@asa_to_ame/post/DTw-hGAk8d7,DTw-hGAk8d7
563,https://www.threads.net/@asa_to_ame/post/DTw-h_vE-GD,DTw-h_vE-GD
564,https://www.threads.net/@asa_to_ame/post/DTw8wwDEzYk,DTw8wwDEzYk
565,https://www.threads.net/@asa_to_ame/post/DTw8w8gk-aK,DTw8w8gk-aK
566,https://www.threads.net/@asa_to_ame/post/DTw7w-Fk1pb,DTw7w-Fk1pb
567,https://www.threads.net/@asa_to_ame/post/DTw7w63E5lH,DTw7w63E5lH
568,https://www.threads.net/@asa_to_ame/post/DTwcFVrExWi,DTwcFVrExWi
569,https://www.threads.net/@asa_to_ame/post/DTv5vQcEx_l,DTv5vQcEx_l
570,https://www.threads.net/@asa_to_ame/post/DTu4vG6k0_l,DTu4vG6k0_l
571,https://www.threads.net/@asa_to_ame/post/DTu4xFCEzCH,DTu4xFCEzCH
572,https://www.threads.net/@asa_to_ame/post/DTu1MCak2AT,DTu1MCak2AT
573,https://www.threads.net/@asa_to_ame/post/DTu1ONPE7lR,DTu1ONPE7lR
574,https://www.threads.net/@asa_to_ame/post/DTux3pRExb4,DTux3pRExb4
575,https://www.threads.net/@asa_to_ame/post/DTux5qok44n,DTux5qok44n
576,https://www.threads.net/@asa_to_ame/post/DTurAMdE8_8,DTurAMdE8_8
577,https://www.threads.net/@asa_to_ame/post/DTurCOaE0MD,DTurCOaE0MD
578,https://www.threads.net/@asa_to_ame/post/DTundJDE0wn,DTundJDE0wn
579,https://www.threads.net/@asa_to_ame/post/DTund9XEz1b,DTund9XEz1b
580,https://www.threads.net/@asa_to_ame/post/DTukIvGEyNd,DTukIvGEyNd
581,https://www.threads.net/@asa_to_ame/post/DTukJpZkxp-,DTukJpZkxp-
582,https://www.threads.net/@asa_to_ame/post/DTuglrSE90x,DTuglrSE90x
583,https://www.threads.net/@asa_to_ame/post/DTugnrFE4XK,DTugnrFE4XK
584,https://www.threads.net/@asa_to_ame/post/DTudRSCE51S,DTudRSCE51S
585,https://www.threads.net/@asa_to_ame/post/DTudTR-E2Wz,DTudTR-E2Wz
586,https://www.threads.net/@asa_to_ame/post/DTuZuOHkwci,DTuZuOHkwci
587,https://www.threads.net/@asa_to_ame/post/DTuZu77k1nv,DTuZu77k1nv
588,https://www.threads.net/@asa_to_ame/post/DTt3S2Lk7cu,DTt3S2Lk7cu
589,https://www.threads.net/@asa_to_ame/post/DTtsqHtE4ge,DTtsqHtE4ge
590,https://www.threads.net/@asa_to_ame/post/DTtU9l-k3z1,DTtU9l-k3z1
591,https://www.threads.net/@asa_to_ame/post/DTsOcqVE8ws,DTsOcqVE8ws
592,https://www.threads.net/@asa_to_ame/post/DTsOdTlkxV_,DTsOdTlkxV_
593,https://www.threads.net/@asa_to_ame/post/DTsJf2_k2BK,DTsJf2_k2BK
594,https://www.threads.net/@asa_to_ame/post/DTsJnHPE74h,DTsJnHPE74h
595,https://www.threads.net/@asa_to_ame/post/DTsG5QMk0CV,DTsG5QMk0CV
596,https://www.threads.net/@asa_to_ame/post/DTsG6AhEysK,DTsG6AhEysK
597,https://www.threads.net/@asa_to_ame/post/DTsGAjnDHNc,DTsGAjnDHNc
598,https://www.threads.net/@asa_to_ame/post/DTsFqjeE4b0,DTsFqjeE4b0
599,https://www.threads.net/@asa_to_ame/post/DTsFqhfkxDE,DTsFqhfkxDE
600,https://www.threads.net/@asa_to_ame/post/DTsFeE7ExKj,DTsFeE7ExKj
601,https://www.threads.net/@asa_to_ame/post/DTsFeGTk2dQ,DTsFeGTk2dQ
602,https://www.threads.net/@asa_to_ame/post/DTsDsLqk2jU,DTsDsLqk2jU
603,https://www.threads.net/@asa_to_ame/post/DTsDuWlky2I,DTsDuWlky2I
604,https://www.threads.net/@asa_to_ame/post/DTsAtwJE9YI,DTsAtwJE9YI
605,https://www.threads.net/@asa_to_ame/post/DTsAvtREwU2,DTsAvtREwU2
606,https://www.threads.net/@asa_to_ame/post/DTsAJH6kxnW,DTsAJH6kxnW
607,https://www.threads.net/@asa_to_ame/post/DTsALSxE8el,DTsALSxE8el
608,https://www.threads.net/@asa_to_ame/post/DTr88EZk_Xy,DTr88EZk_Xy
609,https://www.threads.net/@asa_to_ame/post/DTr8863E3_9,DTr8863E3_9
610,https://www.threads.net/@asa_to_ame/post/DTr40Qrk8dH,DTr40Qrk8dH
611,https://www.threads.net/@asa_to_ame/post/DTr8AhzE862,DTr8AhzE862
612,https://www.threads.net/@asa_to_ame/post/DTr4g_AEwpD,DTr4g_AEwpD
613,https://www.threads.net/@asa_to_ame/post/DTr4g-Fkz3l,DTr4g-Fkz3l
614,https://www.threads.net/@asa_to_ame/post/DTr1bGzE-md,DTr1bGzE-md
615,https://www.threads.net/@asa_to_ame/post/DTr1dGak3Lq,DTr1dGak3Lq
616,https://www.threads.net/@asa_to_ame/post/DTpdwDSE7Dz,DTpdwDSE7Dz
617,https://www.threads.net/@asa_to_ame/post/DTpdyF5E5vM,DTpdyF5E5vM
618,https://www.threads.net/@asa_to_ame/post/DTpW6n6kziC,DTpW6n6kziC
619,https://www.threads.net/@asa_to_ame/post/DTpW7TLE18w,DTpW7TLE18w
620,https://www.threads.net/@asa_to_ame/post/DTpQBJjE7sC,DTpQBJjE7sC
621,https://www.threads.net/@asa_to_ame/post/DTpQB2IkxQp,DTpQB2IkxQp
622,https://www.threads.net/@asa_to_ame/post/DToLWoUE-hk,DToLWoUE-hk
623,https://www.threads.net/@asa_to_ame/post/DToLXV_E1wv,DToLXV_E1wv
624,https://www.threads.net/@asa_to_ame/post/DTm5AQ9k05c,DTm5AQ9k05c
625,https://www.threads.net/@asa_to_ame/post/DTm5BFYE91i,DTm5BFYE91i
626,https://www.threads.net/@asa_to_ame/post/DTmyFv5E6F3,DTmyFv5E6F3
627,https://www.threads.net/@asa_to_ame/post/DTmyGeLE5Vf,DTmyGeLE5Vf
628,https://www.threads.net/@asa_to_ame/post/DTmtvbyE0wb,DTmtvbyE0wb
629,https://www.threads.net/@asa_to_ame/post/DTmtbUgE4gb,DTmtbUgE4gb
630,https://www.threads.net/@asa_to_ame/post/DTmrOS4k3Wj,DTmrOS4k3Wj
631,https://www.threads.net/@asa_to_ame/post/DTmrQaok1wJ,DTmrQaok1wJ
632,https://www.threads.net/@asa_to_ame/post/DTlmjxME5MB,DTlmjxME5MB
633,https://www.threads.net/@asa_to_ame/post/DTkcxkdk-EQ,DTkcxkdk-EQ
634,https://www.threads.net/@asa_to_ame/post/DTkUKUXjyQO,DTkUKUXjyQO
635,https://www.threads.net/@asa_to_ame/post/DTkULAWD6XH,DTkULAWD6XH
636,https://www.threads.net/@asa_to_ame/post/DTkNS3XgcHA,DTkNS3XgcHA
637,https://www.threads.net/@asa_to_ame/post/DTkNT0hAea-,DTkNT0hAea-
638,https://www.threads.net/@asa_to_ame/post/DTkGbcLASwP,DTkGbcLASwP
639,https://www.threads.net/@asa_to_ame/post/DTkGdrMj_9J,DTkGdrMj_9J
640,https://www.threads.net/@asa_to_ame/post/DTj6Lvvj8Ux,DTj6Lvvj8Ux
641,https://www.threads.net/@asa_to_ame/post/DTj5xfcE1j8,DTj5xfcE1j8
642,https://www.threads.net/@asa_to_ame/post/DTj4ddWk2Va,DTj4ddWk2Va
643,https://www.threads.net/@asa_to_ame/post/DTjcPs3k9hM,DTjcPs3k9hM
644,https://www.threads.net/@asa_to_ame/post/DTjcPsfk9dK,DTjcPsfk9dK
645,https://www.threads.net/@asa_to_ame/post/DTjBzBdkz6f,DTjBzBdkz6f
646,https://www.threads.net/@asa_to_ame/post/DTjByGOE_Kc,DTjByGOE_Kc
647,https://www.threads.net/@asa_to_ame/post/DTh3fFikxwt,DTh3fFikxwt
648,https://www.threads.net/@asa_to_ame/post/DTh2O62AVPA,DTh2O62AVPA
649,https://www.threads.net/@asa_to_ame/post/DTh2Q_xgXzT,DTh2Q_xgXzT
650,https://www.threads.net/@asa_to_ame/post/DThz1kzkx-o,DThz1kzkx-o
651,https://www.threads.net/@asa_to_ame/post/DThy4wVAC4P,DThy4wVAC4P
652,https://www.threads.net/@asa_to_ame/post/DThy5hQAIoD,DThy5hQAIoD
653,https://www.threads.net/@asa_to_ame/post/DThvXcbAZur,DThvXcbAZur
654,https://www.threads.net/@asa_to_ame/post/DThvYQkATSp,DThvYQkATSp
655,https://www.threads.net/@asa_to_ame/post/DThtcfwk-kP,DThtcfwk-kP
656,https://www.threads.net/@asa_to_ame/post/DThtf4UE4pG,DThtf4UE4pG
657,https://www.threads.net/@asa_to_ame/post/DThrsM8EyKF,DThrsM8EyKF
658,https://www.threads.net/@asa_to_ame/post/DThogBij04W,DThogBij04W
659,https://www.threads.net/@asa_to_ame/post/DThoiFnjzPf,DThoiFnjzPf
660,https://www.threads.net/@asa_to_ame/post/DThlF59AYVG,DThlF59AYVG
661,https://www.threads.net/@asa_to_ame/post/DThlH_Sgau7,DThlH_Sgau7
662,https://www.threads.net/@asa_to_ame/post/DThhoimAaxX,DThhoimAaxX
663,https://www.threads.net/@asa_to_ame/post/DThhqZZAUQe,DThhqZZAUQe
664,https://www.threads.net/@asa_to_ame/post/DTheQPCEo3j,DTheQPCEo3j
665,https://www.threads.net/@asa_to_ame/post/DTheQ6hki8X,DTheQ6hki8X
666,https://www.threads.net/@asa_to_ame/post/DThcjfuEwb0,DThcjfuEwb0
667,https://www.threads.net/@asa_to_ame/post/DThaTyogaSC,DThaTyogaSC
668,https://www.threads.net/@asa_to_ame/post/DThaUmogXMH,DThaUmogXMH
669,https://www.threads.net/@asa_to_ame/post/DTg7evEE4oZ,DTg7evEE4oZ
670,https://www.threads.net/@asa_to_ame/post/DTgc-08k4kp,DTgc-08k4kp
671,https://www.threads.net/@asa_to_ame/post/DTfYZwEAgLb,DTfYZwEAgLb
672,https://www.threads.net/@asa_to_ame/post/DTfYbhNgthv,DTfYbhNgthv
673,https://www.threads.net/@asa_to_ame/post/DTfSUFEE8Kg,DTfSUFEE8Kg
674,https://www.threads.net/@asa_to_ame/post/DTfSaC6k-sR,DTfSaC6k-sR
675,https://www.threads.net/@asa_to_ame/post/DTfRjXlAXi5,DTfRjXlAXi5
676,https://www.threads.net/@asa_to_ame/post/DTfRlfsgVH-,DTfRlfsgVH-
677,https://www.threads.net/@asa_to_ame/post/DTfMm0PEwiG,DTfMm0PEwiG
678,https://www.threads.net/@asa_to_ame/post/DTfL5Cjk19N,DTfL5Cjk19N
679,https://www.threads.net/@asa_to_ame/post/DTfL5aqEy2R,DTfL5aqEy2R
680,https://www.threads.net/@asa_to_ame/post/DTfKr4IAfkL,DTfKr4IAfkL
681,https://www.threads.net/@asa_to_ame/post/DTfKuCRgUJ8,DTfKuCRgUJ8
682,https://www.threads.net/@asa_to_ame/post/DTfI1nZk6ur,DTfI1nZk6ur
683,https://www.threads.net/@asa_to_ame/post/DTfI1mrE7Mt,DTfI1mrE7Mt